이름,링크
애피소드호프,https://www.thesool.com/common/imageView.do?targetId=PR00000634&targetNm=PRODUCT
애피소드 상그리아,https://www.thesool.com/common/imageView.do?targetId=PR00000433&targetNm=PRODUCT
애피소드 애플,https://www.thesool.com/common/imageView.do?targetId=PR00000434&targetNm=PRODUCT
심술 알쓰,https://www.thesool.com/common/imageView.do?targetId=PR00000412&targetNm=PRODUCT
아이싱 자몽,https://www.thesool.com/common/imageView.do?targetId=PR00000062&targetNm=PRODUCT
메로니아,https://thesool.com/common/imageView.do?targetId=PR00000151&targetNm=PRODUCT
바나나 주,https://thesool.com/common/imageView.do?targetId=PR00000605&targetNm=PRODUCT
메로니아,https://thesool.com/common/imageView.do?targetId=PR00000607&targetNm=PRODUCT
광양 생 막걸리 골드,https://thesool.com/common/imageView.do?targetId=PR00000153&targetNm=PRODUCT
광양 생 막걸리,https://thesool.com/common/imageView.do?targetId=PR00000154&targetNm=PRODUCT
인생막걸리,https://thesool.com/common/imageView.do?targetId=PR00000104&targetNm=PRODUCT
지평 이랑이랑,https://thesool.com/common/imageView.do?targetId=PR00000117&targetNm=PRODUCT
1000억 유산균 막걸리,https://thesool.com/common/imageView.do?targetId=PR00000170&targetNm=PRODUCT
오목대,https://thesool.com/common/imageView.do?targetId=PR00000599&targetNm=PRODUCT
경기전,https://thesool.com/common/imageView.do?targetId=PR00000613&targetNm=PRODUCT
SSOA-포도,https://thesool.com/common/imageView.do?targetId=PR00000644&targetNm=PRODUCT
지평 생 옛막걸리,https://thesool.com/common/imageView.do?targetId=PR00000664&targetNm=PRODUCT
지평 생 쌀막걸리,https://thesool.com/common/imageView.do?targetId=PR00000665&targetNm=PRODUCT
은자골 생 탁배기,https://thesool.com/common/imageView.do?targetId=PR00000706&targetNm=PRODUCT
유자생막걸리,http://food.chosun.com/site/data/img_dir/2013/01/07/2013010701467_0.jpg
시나브로 에뚜왈 로제 스파클링,https://thesool.com/common/imageView.do?targetId=PR00000369&targetNm=PRODUCT
편백숲 산소막걸리,https://thesool.com/common/imageView.do?targetId=PR00000167&targetNm=PRODUCT
편백숲 산소막걸리 순수령,https://thesool.com/common/imageView.do?targetId=PR00000166&targetNm=PRODUCT
대잎 생동동주 (단종),https://mblogthumb-phinf.pstatic.net/MjAxOTA4MDJfMTU2/MDAxNTY0NzMzMTYyODEz.HrvuiDoy-47rDKGS9Vzm0xTU_LpssKN28t9aX_dcadEg.tlHKg7w5LcTw8Z3IL-i0Xk0fvYToc1m7y9KXlQPWcxYg.JPEG.uchul_suh/20190802_165035.jpg?type=w800
까메오 막걸리,https://thesool.com/common/imageView.do?targetId=PR00000088&targetNm=PRODUCT
다랭이팜 유자 막걸리,https://thesool.com/common/imageView.do?targetId=PR00000095&targetNm=PRODUCT
동백우리쌀생막걸리,https://thesool.com/common/imageView.do?targetId=PR00000096&targetNm=PRODUCT
나루 생 막걸리 6도,https://thesool.com/common/imageView.do?targetId=PR00000136&targetNm=PRODUCT
호두땅콩막걸리,https://thesool.com/common/imageView.do?targetId=PR00000137&targetNm=PRODUCT
아띠,https://thesool.com/common/imageView.do?targetId=PR00000138&targetNm=PRODUCT
장수 생막걸리,https://thesool.com/common/imageView.do?targetId=PR00000141&targetNm=PRODUCT
대대포 막걸리,https://thesool.com/common/imageView.do?targetId=PR00000142&targetNm=PRODUCT
동정춘막걸리,https://thesool.com/common/imageView.do?targetId=PR00000072&targetNm=PRODUCT
우도땅콩전통주,https://thesool.com/common/imageView.do?targetId=PR00000146&targetNm=PRODUCT
세종청주생막걸리,https://thesool.com/common/imageView.do?targetId=PR00000159&targetNm=PRODUCT
세종 알밤주,https://thesool.com/common/imageView.do?targetId=PR00000160&targetNm=PRODUCT
지리산 정담 생쌀 막걸리,https://thesool.com/common/imageView.do?targetId=PR00000161&targetNm=PRODUCT
영일만친구 막걸리,https://thesool.com/common/imageView.do?targetId=PR00000059&targetNm=PRODUCT
얼떨결에,https://thesool.com/common/imageView.do?targetId=PR00000061&targetNm=PRODUCT
소양강 생 막걸리,https://thesool.com/common/imageView.do?targetId=PR00000063&targetNm=PRODUCT
국순당 생막걸리 대박,https://thesool.com/common/imageView.do?targetId=PR00000171&targetNm=PRODUCT
송명섭 막걸리,https://thesool.com/common/imageView.do?targetId=PR00000176&targetNm=PRODUCT
선호 생막걸리,https://thesool.com/common/imageView.do?targetId=PR00000177&targetNm=PRODUCT
안성맞춤 생막걸리,https://thesool.com/common/imageView.do?targetId=PR00000178&targetNm=PRODUCT
양촌 생 막걸리,https://thesool.com/common/imageView.do?targetId=PR00000182&targetNm=PRODUCT
김포 막걸리,https://thesool.com/common/imageView.do?targetId=PR00000183&targetNm=PRODUCT
유자향주,https://thesool.com/common/imageView.do?targetId=PR00000148&targetNm=PRODUCT
심술6 막걸리,https://thesool.com/common/imageView.do?targetId=PR00000150&targetNm=PRODUCT
톡쏘는 옥수수동동,https://thesool.com/common/imageView.do?targetId=PR00000155&targetNm=PRODUCT
톡쏘는 고구마동동,https://thesool.com/common/imageView.do?targetId=PR00000156&targetNm=PRODUCT
톡쏘는 알밤동동,https://thesool.com/common/imageView.do?targetId=PR00000157&targetNm=PRODUCT
가평 잣 생막걸리,https://thesool.com/common/imageView.do?targetId=PR00000158&targetNm=PRODUCT
손가네 태종대 개똥쑥생막걸리,https://thesool.com/common/imageView.do?targetId=PR00000097&targetNm=PRODUCT
다랭이팜 생막걸리,https://thesool.com/common/imageView.do?targetId=PR00000098&targetNm=PRODUCT
장홍삼 장수 막걸리,https://thesool.com/common/imageView.do?targetId=PR00000108&targetNm=PRODUCT
이화백주,https://thesool.com/common/imageView.do?targetId=PR00000110&targetNm=PRODUCT
호랑이 생 막걸리,https://thesool.com/common/imageView.do?targetId=PR00000111&targetNm=PRODUCT
도구막걸리,https://thesool.com/common/imageView.do?targetId=PR00000763&targetNm=PRODUCT
세오녀탁주,https://thesool.com/common/imageView.do?targetId=PR00000120&targetNm=PRODUCT
동해동동주,https://thesool.com/common/imageView.do?targetId=PR00000121&targetNm=PRODUCT
영탁막걸리,https://thesool.com/common/imageView.do?targetId=PR00000123&targetNm=PRODUCT
지리산 허브잎술 쌀 막걸리,https://thesool.com/common/imageView.do?targetId=PR00000126&targetNm=PRODUCT
야관문 쌀 막걸리,https://thesool.com/common/imageView.do?targetId=PR00000127&targetNm=PRODUCT
동래아들,https://thesool.com/common/imageView.do?targetId=PR00000128&targetNm=PRODUCT
설성 만월 막걸리,https://thesool.com/common/imageView.do?targetId=PR00000067&targetNm=PRODUCT
선운산의 아침 복분자 막걸리,https://thesool.com/common/imageView.do?targetId=PR00000068&targetNm=PRODUCT
생 청주 막걸리,https://thesool.com/common/imageView.do?targetId=PR00000070&targetNm=PRODUCT
산정호수 동정춘막걸리,https://thesool.com/common/imageView.do?targetId=PR00000072&targetNm=PRODUCT
산막 생유 막걸리,https://thesool.com/common/imageView.do?targetId=PR00000073&targetNm=PRODUCT
봉하쌀 생막걸리,https://thesool.com/common/imageView.do?targetId=PR00000074&targetNm=PRODUCT
병영설성 생막걸리,https://thesool.com/common/imageView.do?targetId=PR00000076&targetNm=PRODUCT
병영설성 동동주,https://thesool.com/common/imageView.do?targetId=PR00000077&targetNm=PRODUCT
미생 막걸리,https://thesool.com/common/imageView.do?targetId=PR00000079&targetNm=PRODUCT
두유노 (단종),https://post-phinf.pstatic.net/MjAyMDA0MTdfNzIg/MDAxNTg3MTIxODY4Nzc4.oUV_1RA47sAAqX0fOVL2hiFXUBmVh1qx5dofm1bWfS8g.VOjTgh3UkIbJ9EFQHcpn4IFeOUpfcy1yq0We0QfYaGEg.JPEG/%EB%91%90%EC%9C%A0%EB%85%B8.jpg?type=w1200
인천 생 소성주,https://thesool.com/common/imageView.do?targetId=PR00000674&targetNm=PRODUCT
우도 땅콩 전통주,https://thesool.com/common/imageView.do?targetId=PR00000597&targetNm=PRODUCT
괴산 세종 찰옥수수 전통주,https://thesool.com/common/imageView.do?targetId=PR00000615&targetNm=PRODUCT
공주알밤 왕밤주,https://thesool.com/common/imageView.do?targetId=PR00000626&targetNm=PRODUCT
두륜탁주,https://thesool.com/common/imageView.do?targetId=PR00000663&targetNm=PRODUCT
지장수 호박 생 막걸리,https://thesool.com/common/imageView.do?targetId=PR00000666&targetNm=PRODUCT
죽향 생 막걸리,https://thesool.com/common/imageView.do?targetId=PR00000667&targetNm=PRODUCT
주산지 막걸리,https://thesool.com/common/imageView.do?targetId=PR00000668&targetNm=PRODUCT
DOK막걸리,https://thesool.com/common/imageView.do?targetId=PR00000669&targetNm=PRODUCT
이동 생 쌀 막걸리,https://thesool.com/common/imageView.do?targetId=PR00000050&targetNm=PRODUCT
은자골 곶감 생 탁배기,https://thesool.com/common/imageView.do?targetId=PR00000706&targetNm=PRODUCT
행운 생유자 동동주,https://thesool.com/common/imageView.do?targetId=PR00000053&targetNm=PRODUCT
오산막걸리,https://thesool.com/common/imageView.do?targetId=PR00000054&targetNm=PRODUCT
가야 프리미엄 막걸리,https://thesool.com/common/imageView.do?targetId=PR00000056&targetNm=PRODUCT
성포 생막걸리,https://thesool.com/common/imageView.do?targetId=PR00000065&targetNm=PRODUCT
레돔 시드르,https://thesool.com/common/imageView.do?targetId=PR00000401&targetNm=PRODUCT
아이원 막걸리,https://thesool.com/common/imageView.do?targetId=PR00000188&targetNm=PRODUCT
월매 쌀막걸리(캔),https://thesool.com/common/imageView.do?targetId=PR00000190&targetNm=PRODUCT
호담 산양산삼 막걸리,https://thesool.com/common/imageView.do?targetId=PR00000191&targetNm=PRODUCT
생탁주,https://thesool.com/common/imageView.do?targetId=PR00000192&targetNm=PRODUCT
백련 생막걸리 snow (스노우),https://thesool.com/common/imageView.do?targetId=PR00000194&targetNm=PRODUCT
느린마을 막걸리,https://thesool.com/common/imageView.do?targetId=PR00000199&targetNm=PRODUCT
부안참뽕막걸리,https://thesool.com/common/imageView.do?targetId=PR00000208&targetNm=PRODUCT
1932 새싹땅콩+햅쌀/흑미,https://thesool.com/common/imageView.do?targetId=PR00000210&targetNm=PRODUCT
소백산 검은콩 막걸리,https://i0.wp.com/www.sulsulsul.com/wp-content/uploads/2020/06/%EC%86%8C%EB%B0%B1%EC%82%B0-%EA%B2%80%EC%9D%80%EC%BD%A9-%EB%A7%89%EA%B1%B8%EB%A6%AC.jpg?fit=500%2C500&ssl=1
소백산 생 막걸리,https://cdn.imweb.me/thumbnail/20211123/39d7553969c5a.jpg